title,company name,company location,job url,country,search_term
BI Developer,Vita Health Group,Vita Health GroupRemote,https://www.indeed.co.uk/viewjob?jk=87d1fe3c42a06fbe,United Kingdom,DevOps developer
DevOps Engineer,Audley,AudleyHybrid work in London,https://www.indeed.co.uk/viewjob?jk=914ad7ce954d3c7e,United Kingdom,DevOps developer
DevOps Engineer â€“ Fintech,Propel Together,Propel TogetherRemote,https://www.indeed.co.uk/viewjob?jk=cb9381de0c511700,United Kingdom,DevOps developer
DevOps Python Developer,Teledyne Technologies Inc.,Teledyne Technologies Inc.Fareham,https://www.indeed.co.uk/viewjob?jk=9aec47238f1d762c,United Kingdom,DevOps developer
DEVOPS ENGINEER,Dynamic Search Solutions,Dynamic Search SolutionsRemote,https://www.indeed.co.uk/viewjob?jk=501c87cf358b8f5d,United Kingdom,DevOps developer
Junior DevOps Automation Engineer,Wessex Water,Wessex WaterBath BA2 7WW,https://www.indeed.co.uk/viewjob?jk=e3944d9e12ba0cc6,United Kingdom,DevOps developer
IT Developer Graduate Programme,RWE Supply & Trading,RWE Supply & TradingSwindon SN5 6PB,https://www.indeed.co.uk/viewjob?jk=d2b64296f49d2842,United Kingdom,DevOps developer
DevOps Engineer,Telent Technology Services Limited,Telent Technology Services LimitedHybrid work in Warwick,https://www.indeed.co.uk/viewjob?jk=ba01e13018ac929f,United Kingdom,DevOps developer
DevOps Engineer,DevOps Talent,DevOps TalentLondon,https://www.indeed.co.uk/viewjob?jk=772ec0c4b8c0b2e9,United Kingdom,DevOps developer
Software Developer,ASSA ABLOY,ASSA ABLOYBasingstoke RG24 8WG,https://www.indeed.co.uk/viewjob?jk=274660957de2bfbd,United Kingdom,DevOps developer
.Net Developer,3 SIDED CUBE,3 SIDED CUBEHybrid work,https://www.indeed.co.uk/viewjob?jk=cac9c7826d8e222a,United Kingdom,DevOps developer
AWS DevOps Engineer,Orbis,OrbisLondon,https://www.indeed.co.uk/viewjob?jk=f32bd3666471bfe8,United Kingdom,DevOps developer
Software Developer,Harris Computer,Harris ComputerHybrid work in Preston,https://www.indeed.co.uk/viewjob?jk=95d5fb620995543c,United Kingdom,DevOps developer
AI Application Developer,Mitie,MitieLondon SE1 9SG,https://www.indeed.co.uk/viewjob?jk=6ddc454ad65aae32,United Kingdom,DevOps developer
Software Developer,Certara,CertaraRemote,https://www.indeed.co.uk/viewjob?jk=f79768c33c11507c,United Kingdom,DevOps developer
Senior Python Developer (m/f/d),Skillspark AB,Skillspark ABHybrid remote in London,https://www.indeed.co.uk/viewjob?jk=6dd6a1dda961b717,United Kingdom,Python developer
Fully Remote Python Developer,Echelon Recruitment,Echelon RecruitmentRemote,https://www.indeed.co.uk/viewjob?jk=7ea91b61d32abbc4,United Kingdom,Python developer
Python Developer (Hybrid),Citi,CitiHybrid remote in London,https://www.indeed.co.uk/viewjob?jk=c690c15b7aae1c53,United Kingdom,Python developer
Python Quant Developer,Bonhill Partners,Bonhill PartnersLondon,https://www.indeed.co.uk/viewjob?jk=329be3f157318c47,United Kingdom,Python developer
Python Developer (Risk),Luxoft,LuxoftLondon,https://www.indeed.co.uk/viewjob?jk=8122f0b892b2b1b2,United Kingdom,Python developer
Junior C++ Developer,Barclays,BarclaysGlasgow G5,https://www.indeed.co.uk/viewjob?jk=62582829bdb32a4c,United Kingdom,Python developer
Python Developer,Synapri,SynapriHybrid remote in Glasgow,https://www.indeed.co.uk/viewjob?jk=faf033738a714d0a,United Kingdom,Python developer
Remote Software Developer (Remote),RemoteStar,RemoteStarRemote,https://www.indeed.co.uk/viewjob?jk=c7d26177b2ed49c7,United Kingdom,Python developer
Senior C# Engineer,Orbis,OrbisLondon,https://www.indeed.co.uk/viewjob?jk=9fdeba395ba3e4fe,United Kingdom,Python developer
Graduate Software Engineer (starting Q1 2025),Autodesk,AutodeskHybrid remote in Birmingham,https://www.indeed.co.uk/viewjob?jk=67a655f47fa0cd28,United Kingdom,Python developer
Python developer,Propel Together,Propel TogetherLondon,https://www.indeed.co.uk/viewjob?jk=8668364824834aba,United Kingdom,Python developer
Python Developer,UK Power Networks,UK Power NetworksHybrid remote in London,https://www.indeed.co.uk/viewjob?jk=260238755ed803c6,United Kingdom,Python developer
Python Developer (m/f/d),Skillspark AB,Skillspark ABHybrid remote in London,https://www.indeed.co.uk/viewjob?jk=bfb985c49eb7b0e4,United Kingdom,Python developer
Full-Stack Python Developer,Synapri,SynapriHybrid remote in Manchester,https://www.indeed.co.uk/viewjob?jk=fe17b7869793d485,United Kingdom,Python developer
DevOps Python Developer,Teledyne Technologies Inc.,Teledyne Technologies Inc.Fareham,https://www.indeed.co.uk/viewjob?jk=9aec47238f1d762c,United Kingdom,Python developer
Lead Python Developer (m/f/d),Skillspark AB,Skillspark ABLondon,https://www.indeed.co.uk/viewjob?jk=ae92201514676bf5,United Kingdom,Python developer
Scientific Software Developer,Astex Pharmaceuticals,Astex PharmaceuticalsHybrid remote in Cambridge,https://www.indeed.co.uk/viewjob?jk=4e3ed1661822c397,United Kingdom,Python developer
Strats Developer,Deutsche Bank,Deutsche BankHybrid remote in London,https://www.indeed.co.uk/viewjob?jk=e99e2df0cf82f340,United Kingdom,Python developer
SOFTWARE DEVELOPER IN TEST,Intec Select,Intec SelectRemote in London,https://www.indeed.co.uk/viewjob?jk=2fe39083db145c16,United Kingdom,Python developer
Software Engineer,Meta,MetaLondon,https://www.indeed.co.uk/viewjob?jk=d66f42ecdf4290e2,United Kingdom,Python developer
BI Cloud Developer,Wincanton,WincantonChippenham,https://www.indeed.co.uk/viewjob?jk=f37a3f3d9cfb9c6d,United Kingdom,Python developer
Developer,Aegon,AegonEdinburgh,https://www.indeed.co.uk/viewjob?jk=b61f5102ea23be2a,United Kingdom,Python developer
Senior Developer,Royal National Institute of Blind People,Royal National Institute of Blind PeopleRemote,https://www.indeed.co.uk/viewjob?jk=b0d8bd8fc5b0daef,United Kingdom,Python developer
AI Application Developer,Mitie,MitieLondon SE1 9SG,https://www.indeed.co.uk/viewjob?jk=6ddc454ad65aae32,United Kingdom,Python developer
Contract Python Django Developer,Kate Matthews Solutions,Kate Matthews SolutionsLondon,https://www.indeed.co.uk/viewjob?jk=77db1e7d5d46de98,United Kingdom,Python developer
Full Stack Mobile Developer,DeafTawk Pvt. Ltd.,DeafTawk Pvt. Ltd.Islamabad,https://pk.indeed.com/viewjob?jk=099020d9d034f520,Pakistan,DevOps developer
DevOps Engineer,Senew,SenewLahore,https://pk.indeed.com/viewjob?jk=99d170a82b48253d,Pakistan,DevOps developer
Principal Consultant AWS DevOps,Systems Limited,Systems LimitedPakistan,https://pk.indeed.com/viewjob?jk=ce2e78071a2a182c,Pakistan,DevOps developer
DevOps Engineer - A6652,Nisum,NisumIslamabad,https://pk.indeed.com/viewjob?jk=f22285ff21802b49,Pakistan,DevOps developer
Intermediate Developer,Logos Technologies,Logos TechnologiesIslamabad,https://pk.indeed.com/viewjob?jk=2889e1f2e629b8ad,Pakistan,DevOps developer
React Developer,Logic Powered Solutions,Logic Powered SolutionsIslamabad,https://pk.indeed.com/viewjob?jk=af3e9c62c1d3ccd9,Pakistan,DevOps developer
Sr Python developer,caresoft.pvt.ltd,caresoft.pvt.ltdIslamabad,https://pk.indeed.com/viewjob?jk=7c76d3e319251609,Pakistan,DevOps developer
Node.js Developer,Preesoft Private Limited,Preesoft Private LimitedLahore,https://pk.indeed.com/viewjob?jk=8f8dc4d34af328bf,Pakistan,DevOps developer
Senior Frontend Developer (Reactjs),HexaMile Soft,HexaMile SoftFaisalabad,https://pk.indeed.com/viewjob?jk=6fd7abc85d178ce2,Pakistan,DevOps developer
Full Stack Developer,TechVoid Solutions,TechVoid SolutionsIslamabad,https://pk.indeed.com/viewjob?jk=15cf59a79641fc87,Pakistan,DevOps developer
Django Developer,Hashed System,Hashed SystemLahore,https://pk.indeed.com/viewjob?jk=8fd2ddd4cc63e2a3,Pakistan,DevOps developer
Full Stack Developer,K Com Solutions Pvt. Ltd.,K Com Solutions Pvt. Ltd.Karachi,https://pk.indeed.com/viewjob?jk=201f035974eb2a5c,Pakistan,DevOps developer
.NET Developer,Mashkraft,MashkraftLahore,https://pk.indeed.com/viewjob?jk=4b1def46aed09c83,Pakistan,DevOps developer
Software Developer (Contractual),Vision for Education Foundation,Vision for Education FoundationKarachi,https://pk.indeed.com/viewjob?jk=323b93e5144702f7,Pakistan,DevOps developer
PHP Developer (1-2 Years of Experience),SysTellex Inc.,SysTellex Inc.Karachi,https://pk.indeed.com/viewjob?jk=9425957c0ff656d5,Pakistan,DevOps developer
Senior Python Developer (Remote),Datalyticx,DatalyticxIslamabad,https://pk.indeed.com/viewjob?jk=c01409eaffb00b8e,Pakistan,DevOps developer
MEAN/MERN Stack Developer,Diligent Technologies,Diligent TechnologiesRawalpindi,https://pk.indeed.com/viewjob?jk=c84222fc6b1e4f03,Pakistan,DevOps developer
DevOps Engineer,EndemandIT & Data Solutions LLC,EndemandIT & Data Solutions LLCKarachi,https://pk.indeed.com/viewjob?jk=44593e6408a47bcd,Pakistan,DevOps developer
Blockchain Developer,Octaloop Technologies,Octaloop TechnologiesIslamabad,https://pk.indeed.com/viewjob?jk=61760aacd3421f98,Pakistan,DevOps developer
Sr Frontend Developer,Vertex Infotech Solutions Pvt Ltd,Vertex Infotech Solutions Pvt LtdLahore,https://pk.indeed.com/viewjob?jk=f09e50aecd8378f9,Pakistan,DevOps developer
Python/Django Developer,Cogent Labs,Cogent LabsLahore,https://pk.indeed.com/viewjob?jk=27b50e8dce4c405f,Pakistan,DevOps developer
MEAN Stack Developer,MicroAgility Services (Pvt) Ltd,MicroAgility Services (Pvt) LtdIslamabad,https://pk.indeed.com/viewjob?jk=e459259a96648055,Pakistan,DevOps developer
DotNet Developer (.Net Developer),EvolversTech,EvolversTechLahore,https://pk.indeed.com/viewjob?jk=e030d938059d72a2,Pakistan,DevOps developer
ASP.NET Expert Developer,Eyecix Technologies,Eyecix TechnologiesLahore,https://pk.indeed.com/viewjob?jk=eef93316c37677ee,Pakistan,DevOps developer
Senior MERN Stack Developer,Alfa Origin,Alfa OriginRawalpindi,https://pk.indeed.com/viewjob?jk=c9166e4c36e064bc,Pakistan,DevOps developer
